{"textures":{"0":"modelengine:entity/henley"},"elements":[{"from":[2.0,8.0,5.0],"to":[4.0,13.0,10.0],"faces":{"east":{"uv":[9.5,2.5,12.0,5.0],"tintindex":0,"rotation":0,"texture":"#0"},"south":{"uv":[1.0,12.0,2.0,14.5],"tintindex":0,"rotation":0,"texture":"#0"},"north":{"uv":[0.0,12.0,1.0,14.5],"tintindex":0,"rotation":0,"texture":"#0"},"west":{"uv":[9.5,5.0,12.0,7.5],"tintindex":0,"rotation":0,"texture":"#0"},"up":{"uv":[13.0,4.5,12.0,2.0],"tintindex":0,"rotation":0,"texture":"#0"},"down":{"uv":[13.0,4.5,12.0,7.0],"tintindex":0,"rotation":0,"texture":"#0"}}},{"from":[4.0,6.0,4.0],"to":[11.0,12.0,11.0],"faces":{"east":{"uv":[3.5,3.0,7.0,6.0],"tintindex":0,"rotation":0,"texture":"#0"},"south":{"uv":[3.5,6.0,7.0,9.0],"tintindex":0,"rotation":0,"texture":"#0"},"north":{"uv":[3.5,0.0,7.0,3.0],"tintindex":0,"rotation":0,"texture":"#0"},"west":{"uv":[0.0,7.0,3.5,10.0],"tintindex":0,"rotation":0,"texture":"#0"},"up":{"uv":[3.5,3.5,0.0,0.0],"tintindex":0,"rotation":0,"texture":"#0"},"down":{"uv":[3.5,3.5,0.0,7.0],"tintindex":0,"rotation":0,"texture":"#0"}}},{"from":[0.0,10.0,6.0],"to":[2.0,15.0,9.0],"faces":{"east":{"uv":[11.5,9.5,13.0,12.0],"tintindex":0,"rotation":0,"texture":"#0"},"south":{"uv":[7.0,12.0,8.0,14.5],"tintindex":0,"rotation":0,"texture":"#0"},"north":{"uv":[6.0,12.0,7.0,14.5],"tintindex":0,"rotation":0,"texture":"#0"},"west":{"uv":[10.0,11.5,11.5,14.0],"tintindex":0,"rotation":0,"texture":"#0"},"up":{"uv":[14.0,3.5,13.0,2.0],"tintindex":0,"rotation":0,"texture":"#0"},"down":{"uv":[14.0,3.5,13.0,5.0],"tintindex":0,"rotation":0,"texture":"#0"}}},{"from":[-1.0,11.0,7.0],"to":[0.0,16.0,8.0],"faces":{"east":{"uv":[2.0,13.5,2.5,16.0],"tintindex":0,"rotation":0,"texture":"#0"},"south":{"uv":[2.5,13.5,3.0,16.0],"tintindex":0,"rotation":0,"texture":"#0"},"north":{"uv":[13.0,9.5,13.5,12.0],"tintindex":0,"rotation":0,"texture":"#0"},"west":{"uv":[3.0,13.5,3.5,16.0],"tintindex":0,"rotation":0,"texture":"#0"},"up":{"uv":[15.0,15.0,14.5,14.5],"tintindex":0,"rotation":0,"texture":"#0"},"down":{"uv":[15.5,0.0,15.0,0.5],"tintindex":0,"rotation":0,"texture":"#0"}}}],"display":{"gui":{"rotation":[30,225,0]}}}