{"textures":{"0":"modelengine:entity/henley"},"elements":[{"from":[12.0,6.0,6.0],"to":[13.0,8.0,7.0],"faces":{"east":{"uv":[14.0,11.0,14.5,12.0],"tintindex":0,"rotation":0,"texture":"#0"},"south":{"uv":[14.0,12.0,14.5,13.0],"tintindex":0,"rotation":0,"texture":"#0"},"north":{"uv":[11.0,14.0,11.5,15.0],"tintindex":0,"rotation":0,"texture":"#0"},"west":{"uv":[14.0,13.0,14.5,14.0],"tintindex":0,"rotation":0,"texture":"#0"},"up":{"uv":[15.0,12.0,14.5,11.5],"tintindex":0,"rotation":0,"texture":"#0"},"down":{"uv":[15.0,12.0,14.5,12.5],"tintindex":0,"rotation":0,"texture":"#0"}}},{"from":[7.0,7.0,5.0],"to":[12.0,12.0,10.0],"faces":{"east":{"uv":[7.0,2.5,9.5,5.0],"tintindex":0,"rotation":0,"texture":"#0"},"south":{"uv":[7.0,5.0,9.5,7.5],"tintindex":0,"rotation":0,"texture":"#0"},"north":{"uv":[7.0,0.0,9.5,2.5],"tintindex":0,"rotation":0,"texture":"#0"},"west":{"uv":[7.0,7.5,9.5,10.0],"tintindex":0,"rotation":0,"texture":"#0"},"up":{"uv":[6.0,11.5,3.5,9.0],"tintindex":0,"rotation":0,"texture":"#0"},"down":{"uv":[12.0,0.0,9.5,2.5],"tintindex":0,"rotation":0,"texture":"#0"}}},{"from":[5.0,10.0,7.0],"to":[7.0,13.0,8.0],"faces":{"east":{"uv":[3.0,10.0,3.5,11.5],"tintindex":0,"rotation":0,"texture":"#0"},"south":{"uv":[8.0,10.0,9.0,11.5],"tintindex":0,"rotation":0,"texture":"#0"},"north":{"uv":[2.0,10.0,3.0,11.5],"tintindex":0,"rotation":0,"texture":"#0"},"west":{"uv":[9.0,10.0,9.5,11.5],"tintindex":0,"rotation":0,"texture":"#0"},"up":{"uv":[15.0,4.0,14.0,3.5],"tintindex":0,"rotation":0,"texture":"#0"},"down":{"uv":[15.0,4.0,14.0,4.5],"tintindex":0,"rotation":0,"texture":"#0"}}},{"from":[7.0,12.0,7.0],"to":[12.0,14.0,8.0],"faces":{"east":{"uv":[6.0,9.0,6.5,10.0],"tintindex":0,"rotation":0,"texture":"#0"},"south":{"uv":[12.0,1.0,14.5,2.0],"tintindex":0,"rotation":0,"texture":"#0"},"north":{"uv":[12.0,0.0,14.5,1.0],"tintindex":0,"rotation":0,"texture":"#0"},"west":{"uv":[6.5,9.0,7.0,10.0],"tintindex":0,"rotation":0,"texture":"#0"},"up":{"uv":[14.5,7.5,12.0,7.0],"tintindex":0,"rotation":0,"texture":"#0"},"down":{"uv":[15.5,5.0,13.0,5.5],"tintindex":0,"rotation":0,"texture":"#0"}}},{"from":[12.0,8.0,6.0],"to":[14.0,9.0,9.0],"faces":{"east":{"uv":[13.5,10.0,15.0,10.5],"tintindex":0,"rotation":0,"texture":"#0"},"south":{"uv":[10.0,14.0,11.0,14.5],"tintindex":0,"rotation":0,"texture":"#0"},"north":{"uv":[14.0,4.5,15.0,5.0],"tintindex":0,"rotation":0,"texture":"#0"},"west":{"uv":[13.5,10.5,15.0,11.0],"tintindex":0,"rotation":0,"texture":"#0"},"up":{"uv":[12.5,13.5,11.5,12.0],"tintindex":0,"rotation":0,"texture":"#0"},"down":{"uv":[13.5,12.0,12.5,13.5],"tintindex":0,"rotation":0,"texture":"#0"}}},{"from":[12.0,6.0,8.0],"to":[13.0,8.0,9.0],"faces":{"east":{"uv":[14.0,11.0,14.5,12.0],"tintindex":0,"rotation":0,"texture":"#0"},"south":{"uv":[14.0,12.0,14.5,13.0],"tintindex":0,"rotation":0,"texture":"#0"},"north":{"uv":[11.0,14.0,11.5,15.0],"tintindex":0,"rotation":0,"texture":"#0"},"west":{"uv":[14.0,13.0,14.5,14.0],"tintindex":0,"rotation":0,"texture":"#0"},"up":{"uv":[15.0,12.0,14.5,11.5],"tintindex":0,"rotation":0,"texture":"#0"},"down":{"uv":[15.0,12.0,14.5,12.5],"tintindex":0,"rotation":0,"texture":"#0"}}}],"display":{"gui":{"rotation":[30,225,0]}}}