{"textures":{"0":"modelengine:entity/henley"},"elements":[{"from":[6.0,6.0,7.0],"to":[10.0,10.0,8.0],"faces":{"east":{"uv":[3.5,13.5,4.0,15.5],"tintindex":0,"rotation":0,"texture":"#0"},"south":{"uv":[9.5,9.5,11.5,11.5],"tintindex":0,"rotation":0,"texture":"#0"},"north":{"uv":[9.5,7.5,11.5,9.5],"tintindex":0,"rotation":0,"texture":"#0"},"west":{"uv":[4.0,13.5,4.5,15.5],"tintindex":0,"rotation":0,"texture":"#0"},"up":{"uv":[15.0,6.0,13.0,5.5],"tintindex":0,"rotation":0,"texture":"#0"},"down":{"uv":[15.0,6.0,13.0,6.5],"tintindex":0,"rotation":0,"texture":"#0"}}},{"from":[5.002,5.002,7.002],"to":[8.998,8.998,7.998],"faces":{"east":{"uv":[4.5,13.5,5.0,15.5],"tintindex":0,"rotation":0,"texture":"#0"},"south":{"uv":[6.0,10.0,8.0,12.0],"tintindex":0,"rotation":0,"texture":"#0"},"north":{"uv":[0.0,10.0,2.0,12.0],"tintindex":0,"rotation":0,"texture":"#0"},"west":{"uv":[5.0,13.5,5.5,15.5],"tintindex":0,"rotation":0,"texture":"#0"},"up":{"uv":[15.0,7.0,13.0,6.5],"tintindex":0,"rotation":0,"texture":"#0"},"down":{"uv":[15.5,7.5,13.5,8.0],"tintindex":0,"rotation":0,"texture":"#0"}}}],"display":{"gui":{"rotation":[30,225,0]}}}