{"textures":{"0":"modelengine:entity/beast"},"elements":[{"from":[8.0,18.5,1.75],"to":[8.0,22.0,14.5],"faces":{"east":{"uv":[10.125,7.625,13.375,8.5],"tintindex":0,"rotation":0,"texture":"#0"},"west":{"uv":[10.125,8.5,13.375,9.375],"tintindex":0,"rotation":0,"texture":"#0"}}},{"from":[2.5,7.5,0.75],"to":[14.0,18.5,17.5],"faces":{"east":{"uv":[0.0,4.25,4.25,7.0],"tintindex":0,"rotation":0,"texture":"#0"},"south":{"uv":[0.0,7.0,2.875,9.75],"tintindex":0,"rotation":0,"texture":"#0"},"north":{"uv":[5.75,0.0,8.625,2.75],"tintindex":0,"rotation":0,"texture":"#0"},"west":{"uv":[4.25,4.25,8.5,7.0],"tintindex":0,"rotation":0,"texture":"#0"},"up":{"uv":[2.875,4.25,0.0,0.0],"tintindex":0,"rotation":0,"texture":"#0"},"down":{"uv":[5.75,0.0,2.875,4.25],"tintindex":0,"rotation":0,"texture":"#0"}}}],"display":{"gui":{"rotation":[30,225,0]}}}