{"textures":{"0":"modelengine:entity/beast"},"elements":[{"from":[0.002,6.002,0.002],"to":[15.998,12.998,7.998],"faces":{"east":{"uv":[13.0,12.375,14.0,13.25],"tintindex":0,"rotation":0,"texture":"#0"},"south":{"uv":[5.125,11.0,7.125,11.875],"tintindex":0,"rotation":0,"texture":"#0"},"north":{"uv":[10.875,1.5,12.875,2.375],"tintindex":0,"rotation":0,"texture":"#0"},"west":{"uv":[13.25,2.125,14.25,3.0],"tintindex":0,"rotation":0,"texture":"#0"},"up":{"uv":[12.5,4.5,10.5,3.5],"tintindex":0,"rotation":0,"texture":"#0"},"down":{"uv":[12.5,4.5,10.5,5.5],"tintindex":0,"rotation":0,"texture":"#0"}}},{"from":[8.0,16.0,0.0],"to":[8.0,19.75,19.5],"faces":{"east":{"uv":[5.75,3.75,8.25,4.25],"tintindex":0,"rotation":0,"texture":"#0"},"west":{"uv":[11.375,5.5,13.875,6.0],"tintindex":0,"rotation":0,"texture":"#0"}},"rotation":{"origin":[8.0,-10.0,10.0],"angle":-22.5,"axis":"x"}},{"from":[0.0,8.0,-5.0],"to":[16.0,16.0,18.0],"faces":{"east":{"uv":[8.5,5.625,11.375,6.625],"tintindex":0,"rotation":0,"texture":"#0"},"south":{"uv":[10.5,2.5,12.5,3.5],"tintindex":0,"rotation":0,"texture":"#0"},"north":{"uv":[5.75,2.75,7.75,3.75],"tintindex":0,"rotation":0,"texture":"#0"},"west":{"uv":[10.125,6.625,13.0,7.625],"tintindex":0,"rotation":0,"texture":"#0"},"up":{"uv":[10.125,9.875,8.125,7.0],"tintindex":0,"rotation":0,"texture":"#0"},"down":{"uv":[10.5,2.75,8.5,5.625],"tintindex":0,"rotation":0,"texture":"#0"}},"rotation":{"origin":[8.0,-10.0,10.0],"angle":-22.5,"axis":"x"}}],"display":{"gui":{"rotation":[30,225,0]}}}