{"textures":{"0":"modelengine:entity/beast"},"elements":[{"from":[16.0,9.0,-8.0],"to":[17.0,12.0,-6.0],"faces":{"east":{"uv":[3.75,14.125,4.0,14.5],"tintindex":0,"rotation":0,"texture":"#0"},"south":{"uv":[14.125,13.75,14.25,14.125],"tintindex":0,"rotation":0,"texture":"#0"},"north":{"uv":[13.75,14.125,13.875,14.5],"tintindex":0,"rotation":0,"texture":"#0"},"west":{"uv":[14.125,13.375,14.375,13.75],"tintindex":0,"rotation":0,"texture":"#0"},"up":{"uv":[9.25,2.75,9.125,2.5],"tintindex":0,"rotation":0,"texture":"#0"},"down":{"uv":[9.375,2.5,9.25,2.75],"tintindex":0,"rotation":0,"texture":"#0"}}},{"from":[16.002,3.2819998,-13.828002],"to":[16.998,8.278,-11.832002],"faces":{"east":{"uv":[13.875,13.25,14.125,13.875],"tintindex":0,"rotation":0,"texture":"#0"},"south":{"uv":[10.125,14.125,10.25,14.75],"tintindex":0,"rotation":0,"texture":"#0"},"north":{"uv":[12.875,6.0,13.0,6.625],"tintindex":0,"rotation":0,"texture":"#0"},"west":{"uv":[13.875,13.875,14.125,14.5],"tintindex":0,"rotation":0,"texture":"#0"},"up":{"uv":[9.5,2.75,9.375,2.5],"tintindex":0,"rotation":0,"texture":"#0"},"down":{"uv":[9.625,2.5,9.5,2.75],"tintindex":0,"rotation":0,"texture":"#0"}},"rotation":{"origin":[8.0,-7.0,11.0],"angle":22.5,"axis":"x"}},{"from":[-1.0,9.0,-8.0],"to":[0.0,12.0,-6.0],"faces":{"east":{"uv":[8.25,3.75,8.5,4.125],"tintindex":0,"rotation":0,"texture":"#0"},"south":{"uv":[10.0,6.625,10.125,7.0],"tintindex":0,"rotation":0,"texture":"#0"},"north":{"uv":[8.375,3.375,8.5,3.75],"tintindex":0,"rotation":0,"texture":"#0"},"west":{"uv":[11.0,9.375,11.25,9.75],"tintindex":0,"rotation":0,"texture":"#0"},"up":{"uv":[8.75,2.75,8.625,2.5],"tintindex":0,"rotation":0,"texture":"#0"},"down":{"uv":[8.875,2.5,8.75,2.75],"tintindex":0,"rotation":0,"texture":"#0"}}},{"from":[-0.998,3.2819998,-13.828002],"to":[-0.002,8.278,-11.832002],"faces":{"east":{"uv":[12.5,13.875,12.75,14.5],"tintindex":0,"rotation":0,"texture":"#0"},"south":{"uv":[8.0,9.25,8.125,9.875],"tintindex":0,"rotation":0,"texture":"#0"},"north":{"uv":[8.375,2.75,8.5,3.375],"tintindex":0,"rotation":0,"texture":"#0"},"west":{"uv":[12.75,13.875,13.0,14.5],"tintindex":0,"rotation":0,"texture":"#0"},"up":{"uv":[9.0,2.75,8.875,2.5],"tintindex":0,"rotation":0,"texture":"#0"},"down":{"uv":[9.125,2.5,9.0,2.75],"tintindex":0,"rotation":0,"texture":"#0"}},"rotation":{"origin":[8.0,-7.0,11.0],"angle":22.5,"axis":"x"}},{"from":[-1.0,3.0,-11.0],"to":[17.0,9.0,9.0],"faces":{"east":{"uv":[10.875,0.0,13.375,0.75],"tintindex":0,"rotation":0,"texture":"#0"},"south":{"uv":[11.25,10.125,13.5,10.875],"tintindex":0,"rotation":0,"texture":"#0"},"north":{"uv":[11.25,9.375,13.5,10.125],"tintindex":0,"rotation":0,"texture":"#0"},"west":{"uv":[10.875,0.75,13.375,1.5],"tintindex":0,"rotation":0,"texture":"#0"},"up":{"uv":[10.875,2.5,8.625,0.0],"tintindex":0,"rotation":0,"texture":"#0"},"down":{"uv":[5.125,9.25,2.875,11.75],"tintindex":0,"rotation":0,"texture":"#0"}}}],"display":{"gui":{"rotation":[30,225,0]}}}