{"textures":{"0":"modelengine:entity/beast"},"elements":[{"from":[5.25,0.25,18.75],"to":[9.25,5.25,18.75],"faces":{"south":{"uv":[10.75,13.875,11.25,14.5],"tintindex":0,"rotation":0,"texture":"#0"},"north":{"uv":[10.25,13.875,10.75,14.5],"tintindex":0,"rotation":0,"texture":"#0"}},"rotation":{"origin":[17.25,-16.75,16.75],"angle":-22.5,"axis":"x"}},{"from":[7.25,1.25,15.75],"to":[9.25,9.25,20.75],"faces":{"east":{"uv":[6.625,13.625,7.25,14.625],"tintindex":0,"rotation":0,"texture":"#0"},"south":{"uv":[11.5,13.875,11.75,14.875],"tintindex":0,"rotation":0,"texture":"#0"},"north":{"uv":[11.25,13.875,11.5,14.875],"tintindex":0,"rotation":0,"texture":"#0"},"west":{"uv":[7.25,13.625,7.875,14.625],"tintindex":0,"rotation":0,"texture":"#0"},"up":{"uv":[12.25,14.5,12.0,13.875],"tintindex":0,"rotation":0,"texture":"#0"},"down":{"uv":[12.5,13.875,12.25,14.5],"tintindex":0,"rotation":0,"texture":"#0"}},"rotation":{"origin":[17.25,-16.75,16.75],"angle":-22.5,"axis":"x"}}],"display":{"gui":{"rotation":[30,225,0]}}}