{"textures":{"0":"modelengine:entity/beast"},"elements":[{"from":[5.5375004,-3.0,5.0625],"to":[5.5375004,-1.6999998,6.3625],"faces":{"east":{"uv":[9.25,6.625,9.625,7.0],"tintindex":0,"rotation":0,"texture":"#0"},"west":{"uv":[9.625,6.625,10.0,7.0],"tintindex":0,"rotation":0,"texture":"#0"}}},{"from":[6.6625,-3.0,5.0625],"to":[6.6625,-1.6999998,6.3625],"faces":{"east":{"uv":[8.5,6.625,8.875,7.0],"tintindex":0,"rotation":0,"texture":"#0"},"west":{"uv":[8.875,6.625,9.25,7.0],"tintindex":0,"rotation":0,"texture":"#0"}}},{"from":[4.8450003,-3.1000004,6.17],"to":[8.545,-0.8800001,9.87],"faces":{"east":{"uv":[13.375,0.875,14.25,1.375],"tintindex":0,"rotation":0,"texture":"#0"},"south":{"uv":[9.375,13.625,10.25,14.125],"tintindex":0,"rotation":0,"texture":"#0"},"north":{"uv":[10.125,9.375,11.0,9.875],"tintindex":0,"rotation":0,"texture":"#0"},"west":{"uv":[13.75,6.0,14.625,6.5],"tintindex":0,"rotation":0,"texture":"#0"},"up":{"uv":[4.0,14.125,3.125,13.25],"tintindex":0,"rotation":0,"texture":"#0"},"down":{"uv":[14.125,3.875,13.25,4.75],"tintindex":0,"rotation":0,"texture":"#0"}}},{"from":[4.84648,-8.278519,8.57648],"to":[8.54352,-2.3614807,12.2735195],"faces":{"east":{"uv":[0.0,11.5,0.875,13.0],"tintindex":0,"rotation":0,"texture":"#0"},"south":{"uv":[0.875,11.5,1.75,13.0],"tintindex":0,"rotation":0,"texture":"#0"},"north":{"uv":[11.25,10.875,12.125,12.375],"tintindex":0,"rotation":0,"texture":"#0"},"west":{"uv":[1.75,11.5,2.625,13.0],"tintindex":0,"rotation":0,"texture":"#0"},"up":{"uv":[3.125,14.125,2.25,13.25],"tintindex":0,"rotation":0,"texture":"#0"},"down":{"uv":[14.125,3.0,13.25,3.875],"tintindex":0,"rotation":0,"texture":"#0"}},"rotation":{"origin":[9.84,0.5999999,25.779999],"angle":22.5,"axis":"x"}},{"from":[7.5375,-3.0,5.0625],"to":[7.5375,-1.6999998,6.3625],"faces":{"east":{"uv":[13.75,11.875,14.125,12.25],"tintindex":0,"rotation":0,"texture":"#0"},"west":{"uv":[13.875,5.5,14.25,5.875],"tintindex":0,"rotation":0,"texture":"#0"}}},{"from":[4.8450003,8.0,10.425],"to":[8.545,13.92,14.125],"faces":{"east":{"uv":[3.5,11.75,4.375,13.25],"tintindex":0,"rotation":0,"texture":"#0"},"south":{"uv":[4.375,11.875,5.25,13.375],"tintindex":0,"rotation":0,"texture":"#0"},"north":{"uv":[2.625,11.75,3.5,13.25],"tintindex":0,"rotation":0,"texture":"#0"},"west":{"uv":[5.25,11.875,6.125,13.375],"tintindex":0,"rotation":0,"texture":"#0"},"up":{"uv":[13.875,14.125,13.0,13.25],"tintindex":0,"rotation":0,"texture":"#0"},"down":{"uv":[14.25,0.0,13.375,0.875],"tintindex":0,"rotation":0,"texture":"#0"}},"rotation":{"origin":[9.84,0.5999999,25.779999],"angle":-22.5,"axis":"x"}}],"display":{"gui":{"rotation":[30,225,0]}}}