{"textures":{"0":"modelengine:entity/beast"},"elements":[{"from":[-2.0,8.25,-4.0],"to":[19.0,26.0,10.0],"faces":{"east":{"uv":[7.75,9.875,9.5,12.125],"tintindex":0,"rotation":0,"texture":"#0"},"south":{"uv":[5.5,7.0,8.125,9.25],"tintindex":0,"rotation":0,"texture":"#0"},"north":{"uv":[2.875,7.0,5.5,9.25],"tintindex":0,"rotation":0,"texture":"#0"},"west":{"uv":[9.5,9.875,11.25,12.125],"tintindex":0,"rotation":0,"texture":"#0"},"up":{"uv":[7.75,11.0,5.125,9.25],"tintindex":0,"rotation":0,"texture":"#0"},"down":{"uv":[2.625,9.75,0.0,11.5],"tintindex":0,"rotation":0,"texture":"#0"}},"rotation":{"origin":[8.0,-11.0,-18.0],"angle":22.5,"axis":"x"}},{"from":[8.0,23.25,-4.0],"to":[8.0,28.0,8.0],"faces":{"east":{"uv":[11.375,6.0,12.875,6.625],"tintindex":0,"rotation":0,"texture":"#0"},"west":{"uv":[12.875,1.5,14.375,2.125],"tintindex":0,"rotation":0,"texture":"#0"}},"rotation":{"origin":[8.0,-11.0,-18.0],"angle":45.0,"axis":"x"}}],"display":{"gui":{"rotation":[30,225,0]}}}