{"textures":{"0":"modelengine:entity/beast"},"elements":[{"from":[13.825,1.0,1.625],"to":[13.825,3.6,4.2250004],"faces":{"east":{"uv":[3.375,14.125,3.75,14.5],"tintindex":0,"rotation":0,"texture":"#0"},"west":{"uv":[14.125,3.375,14.5,3.75],"tintindex":0,"rotation":0,"texture":"#0"}}},{"from":[11.825,1.0,1.625],"to":[11.825,3.6,4.2250004],"faces":{"east":{"uv":[14.125,3.75,14.5,4.125],"tintindex":0,"rotation":0,"texture":"#0"},"west":{"uv":[14.125,4.125,14.5,4.5],"tintindex":0,"rotation":0,"texture":"#0"}}},{"from":[8.8526,1.0025998,3.9026005],"to":[15.3474,12.6974,10.397401],"faces":{"east":{"uv":[12.5,2.375,13.25,3.875],"tintindex":0,"rotation":0,"texture":"#0"},"south":{"uv":[12.5,3.875,13.25,5.375],"tintindex":0,"rotation":0,"texture":"#0"},"north":{"uv":[12.25,12.375,13.0,13.875],"tintindex":0,"rotation":0,"texture":"#0"},"west":{"uv":[0.0,13.0,0.75,14.5],"tintindex":0,"rotation":0,"texture":"#0"},"up":{"uv":[14.0,5.5,13.25,4.75],"tintindex":0,"rotation":0,"texture":"#0"},"down":{"uv":[14.25,10.125,13.5,10.875],"tintindex":0,"rotation":0,"texture":"#0"}}},{"from":[9.825,1.0,1.625],"to":[9.825,3.6,4.2250004],"faces":{"east":{"uv":[3.0,14.125,3.375,14.5],"tintindex":0,"rotation":0,"texture":"#0"},"west":{"uv":[14.125,3.0,14.5,3.375],"tintindex":0,"rotation":0,"texture":"#0"}}}],"display":{"gui":{"rotation":[30,225,0]}}}