{"textures":{"0":"modelengine:entity/beast"},"elements":[{"from":[6.75,1.25,15.75],"to":[8.75,9.25,20.75],"faces":{"east":{"uv":[7.75,2.75,8.375,3.75],"tintindex":0,"rotation":0,"texture":"#0"},"south":{"uv":[2.625,10.75,2.875,11.75],"tintindex":0,"rotation":0,"texture":"#0"},"north":{"uv":[2.625,9.75,2.875,10.75],"tintindex":0,"rotation":0,"texture":"#0"},"west":{"uv":[7.125,11.0,7.75,12.0],"tintindex":0,"rotation":0,"texture":"#0"},"up":{"uv":[8.0,9.875,7.75,9.25],"tintindex":0,"rotation":0,"texture":"#0"},"down":{"uv":[12.0,13.875,11.75,14.5],"tintindex":0,"rotation":0,"texture":"#0"}},"rotation":{"origin":[-1.25,-16.75,16.75],"angle":-22.5,"axis":"x"}}],"display":{"gui":{"rotation":[30,225,0]}}}