{"textures":{"0":"modelengine:entity/beast"},"elements":[{"from":[7.455,8.0,10.425],"to":[11.155,13.92,14.125],"faces":{"east":{"uv":[12.125,10.875,13.0,12.375],"tintindex":0,"rotation":0,"texture":"#0"},"south":{"uv":[10.5,12.375,11.375,13.875],"tintindex":0,"rotation":0,"texture":"#0"},"north":{"uv":[9.625,12.125,10.5,13.625],"tintindex":0,"rotation":0,"texture":"#0"},"west":{"uv":[11.375,12.375,12.25,13.875],"tintindex":0,"rotation":0,"texture":"#0"},"up":{"uv":[14.25,9.25,13.375,8.375],"tintindex":0,"rotation":0,"texture":"#0"},"down":{"uv":[14.375,9.25,13.5,10.125],"tintindex":0,"rotation":0,"texture":"#0"}},"rotation":{"origin":[6.16,0.5999999,25.779999],"angle":-22.5,"axis":"x"}},{"from":[8.4125,-3.0,5.0625],"to":[8.4125,-1.6999998,6.3625],"faces":{"east":{"uv":[14.0,12.25,14.375,12.625],"tintindex":0,"rotation":0,"texture":"#0"},"west":{"uv":[14.0,12.625,14.375,13.0],"tintindex":0,"rotation":0,"texture":"#0"}}},{"from":[7.455,-3.1000004,6.17],"to":[11.155,-0.8800001,9.87],"faces":{"east":{"uv":[13.75,7.0,14.625,7.5],"tintindex":0,"rotation":0,"texture":"#0"},"south":{"uv":[13.75,10.875,14.625,11.375],"tintindex":0,"rotation":0,"texture":"#0"},"north":{"uv":[13.75,6.5,14.625,7.0],"tintindex":0,"rotation":0,"texture":"#0"},"west":{"uv":[13.75,11.375,14.625,11.875],"tintindex":0,"rotation":0,"texture":"#0"},"up":{"uv":[6.625,14.25,5.75,13.375],"tintindex":0,"rotation":0,"texture":"#0"},"down":{"uv":[14.25,7.5,13.375,8.375],"tintindex":0,"rotation":0,"texture":"#0"}}},{"from":[10.4125,-3.0,5.0625],"to":[10.4125,-1.6999998,6.3625],"faces":{"east":{"uv":[2.25,14.125,2.625,14.5],"tintindex":0,"rotation":0,"texture":"#0"},"west":{"uv":[2.625,14.125,3.0,14.5],"tintindex":0,"rotation":0,"texture":"#0"}}},{"from":[7.45648,-8.278519,8.57648],"to":[11.153521,-2.3614807,12.2735195],"faces":{"east":{"uv":[7.0,12.125,7.875,13.625],"tintindex":0,"rotation":0,"texture":"#0"},"south":{"uv":[7.875,12.125,8.75,13.625],"tintindex":0,"rotation":0,"texture":"#0"},"north":{"uv":[6.125,11.875,7.0,13.375],"tintindex":0,"rotation":0,"texture":"#0"},"west":{"uv":[8.75,12.125,9.625,13.625],"tintindex":0,"rotation":0,"texture":"#0"},"up":{"uv":[4.875,14.25,4.0,13.375],"tintindex":0,"rotation":0,"texture":"#0"},"down":{"uv":[5.75,13.375,4.875,14.25],"tintindex":0,"rotation":0,"texture":"#0"}},"rotation":{"origin":[6.16,0.5999999,25.779999],"angle":22.5,"axis":"x"}},{"from":[9.5375,-3.0,5.0625],"to":[9.5375,-1.6999998,6.3625],"faces":{"east":{"uv":[14.0,4.75,14.375,5.125],"tintindex":0,"rotation":0,"texture":"#0"},"west":{"uv":[14.0,5.125,14.375,5.5],"tintindex":0,"rotation":0,"texture":"#0"}}}],"display":{"gui":{"rotation":[30,225,0]}}}