{"textures":{"0":"modelengine:entity/cooper"},"elements":[{"from":[5.002,5.002,7.002],"to":[8.998,8.998,7.998],"faces":{"east":{"uv":[8.5,13.5,9.0,15.5],"tintindex":0,"rotation":0,"texture":"#0"},"south":{"uv":[8.0,11.5,10.0,13.5],"tintindex":0,"rotation":0,"texture":"#0"},"north":{"uv":[11.5,7.5,13.5,9.5],"tintindex":0,"rotation":0,"texture":"#0"},"west":{"uv":[9.0,13.5,9.5,15.5],"tintindex":0,"rotation":0,"texture":"#0"},"up":{"uv":[15.5,9.5,13.5,9.0],"tintindex":0,"rotation":0,"texture":"#0"},"down":{"uv":[15.5,9.5,13.5,10.0],"tintindex":0,"rotation":0,"texture":"#0"}}},{"from":[6.0,6.0,7.0],"to":[10.0,10.0,8.0],"faces":{"east":{"uv":[5.5,13.5,6.0,15.5],"tintindex":0,"rotation":0,"texture":"#0"},"south":{"uv":[4.0,11.5,6.0,13.5],"tintindex":0,"rotation":0,"texture":"#0"},"north":{"uv":[2.0,11.5,4.0,13.5],"tintindex":0,"rotation":0,"texture":"#0"},"west":{"uv":[8.0,13.5,8.5,15.5],"tintindex":0,"rotation":0,"texture":"#0"},"up":{"uv":[15.5,8.5,13.5,8.0],"tintindex":0,"rotation":0,"texture":"#0"},"down":{"uv":[15.5,8.5,13.5,9.0],"tintindex":0,"rotation":0,"texture":"#0"}}}],"display":{"gui":{"rotation":[30,225,0]}}}