{"textures":{"0":"modelengine:entity/cooper"},"elements":[{"from":[7.0,5.0,8.0],"to":[8.0,8.0,9.0],"faces":{"east":{"uv":[13.5,11.0,14.0,12.5],"tintindex":0,"rotation":0,"texture":"#0"},"south":{"uv":[11.5,13.5,12.0,15.0],"tintindex":0,"rotation":0,"texture":"#0"},"north":{"uv":[9.5,13.5,10.0,15.0],"tintindex":0,"rotation":0,"texture":"#0"},"west":{"uv":[12.0,13.5,12.5,15.0],"tintindex":0,"rotation":0,"texture":"#0"},"up":{"uv":[15.5,1.0,15.0,0.5],"tintindex":0,"rotation":0,"texture":"#0"},"down":{"uv":[15.5,1.0,15.0,1.5],"tintindex":0,"rotation":0,"texture":"#0"}}},{"from":[8.0,5.0,8.0],"to":[10.0,6.0,9.0],"faces":{"east":{"uv":[15.0,1.5,15.5,2.0],"tintindex":0,"rotation":0,"texture":"#0"},"south":{"uv":[14.5,2.5,15.5,3.0],"tintindex":0,"rotation":0,"texture":"#0"},"north":{"uv":[14.5,2.0,15.5,2.5],"tintindex":0,"rotation":0,"texture":"#0"},"west":{"uv":[15.0,3.5,15.5,4.0],"tintindex":0,"rotation":0,"texture":"#0"},"up":{"uv":[15.5,3.5,14.5,3.0],"tintindex":0,"rotation":0,"texture":"#0"},"down":{"uv":[7.0,14.5,6.0,15.0],"tintindex":0,"rotation":0,"texture":"#0"}}}],"display":{"gui":{"rotation":[30,225,0]}}}