{"textures":{"0":"modelengine:entity/cooper"},"elements":[{"from":[7.0,5.0,7.0],"to":[8.0,8.0,8.0],"faces":{"east":{"uv":[13.5,12.5,14.0,14.0],"tintindex":0,"rotation":0,"texture":"#0"},"south":{"uv":[13.0,13.5,13.5,15.0],"tintindex":0,"rotation":0,"texture":"#0"},"north":{"uv":[12.5,13.5,13.0,15.0],"tintindex":0,"rotation":0,"texture":"#0"},"west":{"uv":[14.0,2.0,14.5,3.5],"tintindex":0,"rotation":0,"texture":"#0"},"up":{"uv":[15.5,4.5,15.0,4.0],"tintindex":0,"rotation":0,"texture":"#0"},"down":{"uv":[15.5,4.5,15.0,5.0],"tintindex":0,"rotation":0,"texture":"#0"}}},{"from":[8.0,5.0,7.0],"to":[10.0,6.0,8.0],"faces":{"east":{"uv":[15.0,5.5,15.5,6.0],"tintindex":0,"rotation":0,"texture":"#0"},"south":{"uv":[14.5,7.0,15.5,7.5],"tintindex":0,"rotation":0,"texture":"#0"},"north":{"uv":[7.0,14.5,8.0,15.0],"tintindex":0,"rotation":0,"texture":"#0"},"west":{"uv":[6.0,15.0,6.5,15.5],"tintindex":0,"rotation":0,"texture":"#0"},"up":{"uv":[11.0,15.0,10.0,14.5],"tintindex":0,"rotation":0,"texture":"#0"},"down":{"uv":[15.5,11.0,14.5,11.5],"tintindex":0,"rotation":0,"texture":"#0"}}}],"display":{"gui":{"rotation":[30,225,0]}}}